run,dataset,lr,l2_coef,hid_units,n_heads,residual,nonlinearity,param_attn_drop,param_ffd_drop,training_epochs,elapsed_time,min_validation_loss,max_val_accuracy,test_loss,test_accuracy
0,cora,0.005,0.0005,[8],"[8, 1]",False,elu,0.6,0.6,1105,122.43311738967896,0.9529616236686708,0.8239999413490295,0.9473957419395448,0.8349999785423279
1,cora,0.005,0.0005,[8],"[8, 1]",False,elu,0.6,0.6,613,70.2521412372589,1.0224130153656006,0.8239999413490295,1.1943202018737793,0.8460000157356262
2,cora,0.005,0.0005,[8],"[8, 1]",False,elu,0.6,0.6,1142,129.101811170578,0.9617881774902344,0.8260000348091125,0.9279240369796752,0.8379998803138733
3,cora,0.005,0.0005,[8],"[8, 1]",False,elu,0.6,0.6,666,75.17215371131897,1.005980134010315,0.8140000104904175,1.1219482421875,0.8319999575614929
4,cora,0.005,0.0005,[8],"[8, 1]",False,elu,0.6,0.6,778,88.95912098884583,0.996608555316925,0.8240000605583191,1.0692975521087646,0.8339999914169312
5,cora,0.005,0.0005,[8],"[8, 1]",False,elu,0.6,0.6,817,94.40209174156188,0.97298926115036,0.8219999074935913,1.1328203678131104,0.8339999914169312
6,cora,0.005,0.0005,[8],"[8, 1]",False,elu,0.6,0.6,691,82.59883522987366,1.0018116235733032,0.8240000605583191,1.1973413228988647,0.8259999752044678
