run,dataset,lr,l2_coef,hid_units,n_heads,residual,nonlinearity,param_attn_drop,param_ffd_drop,training_epochs,elapsed_time,min_validation_loss,max_val_accuracy,test_loss,test_accuracy
0,pubmed,0.005,0.001,[8],"[8, 8]",False,elu,0.6,0.6,447,130.3023099899292,0.609978973865509,0.8140000104904175,0.6248275637626648,0.7870000004768372
1,pubmed,0.005,0.001,[8],"[8, 8]",False,elu,0.6,0.6,535,153.75565814971927,0.6085027456283569,0.8179999589920044,0.6458045244216919,0.7799999713897705
2,pubmed,0.005,0.001,[8],"[8, 8]",False,elu,0.6,0.6,828,229.2739849090576,0.6021864414215088,0.8080000281333923,0.6497300267219543,0.7819999456405641
3,pubmed,0.005,0.001,[8],"[8, 8]",False,elu,0.6,0.6,489,139.99704837799072,0.6015432476997375,0.8159999847412109,0.6609516143798828,0.7719999551773071
4,pubmed,0.005,0.001,[8],"[8, 8]",False,elu,0.6,0.6,563,165.28915643692014,0.6026540994644165,0.8159999847412109,0.6669847965240479,0.7729999423027039
5,pubmed,0.005,0.001,[8],"[8, 8]",False,elu,0.6,0.6,734,208.14719414710999,0.6048718690872192,0.812000036239624,0.6718023419380188,0.7719999551773071
6,pubmed,0.005,0.001,[8],"[8, 8]",False,elu,0.6,0.6,396,115.22243142127991,0.606589674949646,0.8159999847412109,0.6539327502250671,0.7779999375343323
